{"0": [0.5092592592592593, 0.16304347826086957], "1": [0.5046296296296297, 0.22282608695652173], "2": [0.4212962962962963, 0.22282608695652173], "3": [0.36574074074074076, 0.2826086956521739], "4": [0.27314814814814814, 0.32065217391304346], "5": [0.5925925925925926, 0.21739130434782608], "6": [0.6666666666666666, 0.3532608695652174], "7": [0.6620370370370371, 0.46195652173913043], "8": [0.49537037037037035, 0.4673913043478261], "9": [0.47685185185185186, 0.6032608695652174], "10": [0.5277777777777778, 0.8260869565217391], "11": [0.6157407407407407, 0.46195652173913043], "12": [0.6712962962962963, 0.625], "13": [0.7083333333333334, 0.7771739130434783], "14": [0.49537037037037035, 0.15217391304347827], "15": [0.5231481481481481, 0.14673913043478262], "16": [0.4583333333333333, 0.14130434782608695], "17": [0.5462962962962963, 0.1358695652173913]}